StateCodes,State,Region,Division,Coast,Great Lakes,TotalC2010,TotalC2011,TotalC2012,TotalC2013,TotalC2014,TotalP2010,TotalP2011,TotalP2012,TotalP2013,TotalP2014,TotalE2010,TotalE2011,TotalE2012,TotalE2013,TotalE2014,TotalPrice2010,TotalPrice2011,TotalPrice2012,TotalPrice2013,TotalPrice2014,BiomassC2010,BiomassC2011,BiomassC2012,BiomassC2013,BiomassC2014,CoalC2010,CoalC2011,CoalC2012,CoalC2013,CoalC2014,CoalP2010,CoalP2011,CoalP2012,CoalP2013,CoalP2014,CoalE2010,CoalE2011,CoalE2012,CoalE2013,CoalE2014,CoalPrice2010,CoalPrice2011,CoalPrice2012,CoalPrice2013,CoalPrice2014,ElecC2010,ElecC2011,ElecC2012,ElecC2013,ElecC2014,ElecE2010,ElecE2011,ElecE2012,ElecE2013,ElecE2014,ElecPrice2010,ElecPrice2011,ElecPrice2012,ElecPrice2013,ElecPrice2014,FossFuelC2010,FossFuelC2011,FossFuelC2012,FossFuelC2013,FossFuelC2014,GeoC2010,GeoC2011,GeoC2012,GeoC2013,GeoC2014,GeoP2010,GeoP2011,GeoP2012,GeoP2013,GeoP2014,HydroC2010,HydroC2011,HydroC2012,HydroC2013,HydroC2014,HydroP2010,HydroP2011,HydroP2012,HydroP2013,HydroP2014,NatGasC2010,NatGasC2011,NatGasC2012,NatGasC2013,NatGasC2014,NatGasE2010,NatGasE2011,NatGasE2012,NatGasE2013,NatGasE2014,NatGasPrice2010,NatGasPrice2011,NatGasPrice2012,NatGasPrice2013,NatGasPrice2014,LPGC2010,LPGC2011,LPGC2012,LPGC2013,LPGC2014,LPGE2010,LPGE2011,LPGE2012,LPGE2013,LPGE2014,LPGPrice2010,LPGPrice2011,LPGPrice2012,LPGPrice2013,LPGPrice2014,GDP2014,CENSUS2010POP,POPESTIMATE2010,POPESTIMATE2011,POPESTIMATE2012,POPESTIMATE2013,POPESTIMATE2014,NumberPolicies,RedBlue
AL,Alabama,3,6,1,0,1931522,1905207,1879716,1919365,1958221,1419613,1400108,1433370,1463647,1353725,21630.5,24447.7,24192.8,24127,24146.5,17.82,20.1,19.96,19.02,18.64,169088,179611,181878,194432,186649,718684,651032,547004,565051,575912,493094,468671,488084,469162,414366,2135.6,2009.7,1808.8,1731.6,1677.3,2.97,3.09,3.31,3.06,2.91,310023,303652,294055,299751,308765,7833,7846.1,7665.7,7901.4,8363.3,26.44,27.08,27.32,26.47,27.2,1785688,1783839,1740315,1689491,1724891,138,135,141,141,141,0,0,0,0,0,84919,86313,70754,123071,90030,8704,8884,7435,12899,9467,544405,609288,677380,625869,651532,3222.2,3122.6,2595.8,3090.9,3521.2,6.65,5.72,4.28,5.38,5.81,13088,10343,8628,9094,8460,316.7,273.8,212,221.7,226.6,24.2,26.48,24.58,24.45,26.79,197534.5,4779736,4785822,4801695,4817484,4833996,4849377,37,0
AK,Alaska,4,9,1,0,653221,653637,649341,621107,603119,1738207,1641980,1563102,1513859,1475129,6473.9,8050.4,7884.5,7281.9,6890.6,20.13,24.91,25.09,24.6,24.43,4178,4247,4032,5168,5476,14548,15481,15521,14819,18225,33556,33524,31332,24917,22944,49.9,59.6,63,72.6,88.8,3.43,3.85,4.06,4.9,4.87,21315,21562,21893,21387,21034,912.4,1004.6,1035,1005.2,1055.8,43.29,47.13,47.84,48.37,51.27,634777,635981,629768,600660,581369,153,214,186,186,186,0,0,0,0,0,13982,13066,14988,13696,14633,1433,1345,1575,1435,1539,334978,339819,347228,332963,329585,479.2,545.1,513.9,495.4,480.8,6.41,6.61,6.26,6.78,6.99,1353,1247,1314,1272,1190,35.6,36.9,36,33.2,32.9,26.79,29.78,27.47,26.07,27.65,58066.75,710231,713856,722572,731081,737259,736732,33,0
AZ,Arizona,4,8,0,0,1383531,1424944,1395839,1414383,1422590,580948,617956,598039,594994,635050,19372.7,22628.6,22872.4,22841.1,22609.6,22.25,25.62,26.41,26.05,25.94,29289,28565,27267,26492,31481,457909,459909,420570,454865,447849,167930,174841,161374,163691,173337,829.1,917.2,879.9,946.8,944.6,1.81,1.99,2.09,2.08,2.11,248506,255708,256116,258159,260328,7058.8,7278.6,7361,7669.3,7764.4,28.4,28.46,28.74,29.71,29.83,1292346,1253992,1248032,1289119,1256577,339,345,345,345,345,0,0,0,0,0,64606,89135,63918,56432,58185,6622,9174,6717,5915,6118,336208,293134,339043,340375,315448,2198.8,2084.4,1802.3,2026.2,2155.7,6.86,7.45,5.52,6.19,7.15,7838,8759,6522,7576,7373,219.9,279.9,188.4,223.3,223.2,28.05,31.96,28.88,29.47,30.28,281558.75,2915918,2922297,2938430,2949300,2958765,2966369,76,0
AR,Arkansas,3,7,0,0,1120632,1122544,1067642,1096438,1114409,1247709,1391190,1472778,1432074,1454325,12269.4,14178.8,13755.5,14102.1,13884.9,16.9,19.67,19.98,19.54,18.87,94865,97160,96248,95356,95963,293689,306119,296732,327099,339214,718,2985,2077,1433,1864,510.6,592.2,673.3,789.4,820.9,1.74,1.93,2.27,2.41,2.42,164439,163530,159885,159283,160638,3393.3,3446.6,3456.4,3686.7,3703.5,21.57,22.02,22.56,23.29,23.19,909827,932878,918078,936796,939788,773,750,808,808,808,0,0,0,0,0,35697,28738,20921,25329,25104,3659,2958,2198,2655,2640,274774,288906,300572,286352,274767,1791.7,1902.9,1496.5,1679,1849.4,7.23,7.36,5.53,6.44,7.44,10016,8992,7733,8864,9145,224.3,240.3,191,217.7,235.6,22.4,26.72,24.71,24.62,25.8,121064.75,6392017,6411999,6472867,6556236,6634997,6731484,48,0
CA,California,4,9,1,0,7760629,7777115,7564063,7665241,7620082,2532205,2634789,2334863,2390424,2413494,117090,135097.7,135932,137050.7,137719.8,20.97,24.35,24.97,24.85,25.31,280124,282581,280963,294412,298473,54972,55264,43832,38151,39486,0,0,0,0,0,161.4,173.1,133.6,129.5,135.3,2.94,3.13,3.05,3.39,3.43,882107,893745,885544,891666,895939,33381.8,33919.1,34852.5,37028.1,39424.1,38.23,38.35,39.75,42.01,44.49,5741492,5550201,5687343,5755210,5702418,124981,124092,121269,119556,117226,12600,12552,12519,12307,12102,326152,413488,255384,226643,157213,33431,42557,26837,23755,16531,2325411,2196252,2456371,2483208,2417476,14914.1,14353.7,13009.6,14808.6,16127.9,6.97,7.08,5.72,6.51,7.39,63022,62639,55405,54438,51472,1669.8,1921,1492.5,1493.1,1424.7,27.58,31.26,27.66,27.94,28.42,2324995.5,37253956,37336011,37701901,38062780,38431393,38802500,256,1
CO,Colorado,4,8,0,0,1513547,1470445,1440781,1470844,1477177,2561459,2750097,2921385,2838193,3041634,16888.5,19269.7,19295.6,19670.7,19994.4,17.4,21.28,21.81,21.14,21.25,28210,30883,30680,35382,36073,382623,368871,370085,363532,350526,551825,586847,629645,529096,528242,609.9,637,689.4,703.4,683.5,1.59,1.73,1.86,1.93,1.95,180555,182400,183174,182343,182189,4786.2,4963.2,4987.6,5258.2,5345.7,26.9,27.61,27.63,29.01,29.52,1370758,1304903,1282352,1303825,1313834,721,741,759,759,759,0,0,0,0,0,15398,20235,14247,11572,16831,1578,2083,1497,1213,1770,510877,481614,461056,487445,499668,2574,2334.4,2064.6,2355.3,2686.4,6.6,6.79,6.32,6.35,7.13,16395,16036,15118,17952,16341,365.4,412.2,332.3,423.8,419,22.53,25.76,22.09,23.81,25.76,305366.75,5029196,5048575,5119661,5191709,5272086,5355866,134,1
CT,Connecticut,1,1,1,0,764970,739130,725019,754901,750019,203188,195792,205073,207118,197271,14245,15498.1,15126.6,15364.3,15483.4,25.62,28.13,28.66,27.69,27.84,35716,33958,32800,34153,36011,28711,6081,9290,7679,9097,0,0,0,0,0,99.1,22.4,33.3,32.3,38.8,3.45,3.68,3.59,4.21,4.27,103697,101879,100628,101761,100157,5283.1,4881.5,4584.5,4669.1,5004,50.95,47.91,45.56,45.88,49.96,562060,557282,544358,560141,559695,20,19,21,21,21,0,0,0,0,0,3811,5513,2970,3835,4127,391,567,312,402,434,203814,236016,236260,241509,240614,1743.7,1788.9,1630.6,1922.3,2162,8.86,7.79,7.05,8.11,9.17,9425,10092,8988,10949,10083,270.2,323.1,281.3,330.7,329.9,28.67,32.01,31.29,30.21,32.71,250763.75,3574097,3579345,3590537,3594362,3599341,3596677,67,1
DE,Delaware,3,5,1,0,250212,272568,273728,273716,274013,3575,3976,3530,3818,4189,3584.1,3987.7,4040.4,3856.6,3848.5,23.5,25.32,24.83,24.28,23.77,6901,6781,5972,5977,6249,30253,17881,17384,18254,10238,0,0,0,0,0,101.3,61,58.3,58.4,31.5,3.35,3.41,3.35,3.2,3.08,39599,39181,39304,38719,38687,1389.5,1309.2,1266.4,1215.7,1239.2,35.09,33.73,32.48,32.11,33.16,171414,201518,221203,213411,213655,414,401,430,430,430,0,0,0,0,0,0,0,0,0,0,0,0,0,0,0,56087,81710,104421,100106,106854,524.2,708.3,747.7,701.7,752.7,9.37,8.92,7.43,7.86,7.83,5323,4730,4306,4675,4872,145.8,143.4,129.8,139.5,154.3,27.4,30.31,30.15,29.84,31.67,65484.75,897934,899731,907829,916881,925240,935614,32,1
FL,Florida,3,5,1,0,4282673,4141711,4029903,4076406,4121680,510201,500907,442188,542570,553738,59825.6,67345.1,66380,66108.5,66413.6,22.05,25.41,25.56,25.13,24.91,246789,245557,244646,253961,250043,637416,552730,482984,505155,557882,0,0,0,0,0,2218.8,1959.7,1697.6,1736.5,1857.5,3.48,3.55,3.51,3.44,3.33,788887,768009,752941,757189,771379,24459.8,23880.2,23028.6,22678.3,24339.3,31.01,31.09,30.58,29.95,31.55,3491560,3357837,3327632,3273949,3350291,9516,9799,10056,10056,10056,0,0,0,0,0,1731,1769,1432,2425,2010,177,182,151,254,211,1180462,1235953,1348390,1245287,1246670,7967.6,7700.7,6982.5,6852.9,7468,6.91,6.33,5.27,5.59,6.04,20915,19205,17524,16807,16502,606.1,605.1,466.2,448.1,481.4,28.98,31.51,26.6,26.66,29.18,835578.5,18801310,18852220,19107900,19355257,19600311,19893297,104,1
GA,Georgia,3,5,1,0,3100144,2982837,2767491,2782782,2850990,561796,549483,555238,581082,597955,37231.8,42315.7,39837.2,39938.5,39727.8,18.25,21.49,21.73,21.37,20.95,204742,210583,207725,233509,252985,767906,634756,435546,426184,482657,0,0,0,0,0,2993.6,2400.3,1529.9,1371.6,1521.1,3.9,3.78,3.51,3.22,3.15,479971,465298,446900,445257,463315,12409.5,13108.5,12274.7,12647.6,13613.7,26.07,28.17,27.47,28.41,29.38,2324200,2142535,1946907,1928374,1985059,300,291,315,315,315,0,0,0,0,0,32407,26282,21281,35431,29142,3322,2705,2236,3714,3064,541691,532310,625008,635287,666771,4545.8,4165.2,3830.1,4417.7,4963.1,8.66,7.98,6.23,7.06,7.52,22767,18607,20507,17424,19087,561.3,503.2,527.1,433.8,517.8,24.68,27.04,25.7,24.9,27.13,471879.5,9687653,9714464,9813201,9919000,9994759,10097343,61,0
HI,Hawaii,4,9,1,0,278046,287113,280171,281329,281206,16245,18378,20485,25465,27166,5854.8,7668.6,7840.3,7645.3,7378.6,30.43,38.34,40.14,38.6,37.38,10448,10550,9604,11179,10950,17117,16080,16572,15306,17241,0,0,0,0,0,39.7,29.4,33.3,32.4,44.7,2.32,1.83,2.01,2.12,2.59,34176,33989,32889,32425,32330,2473.3,3090.5,3219,3153.6,3159.3,73.8,92.78,99.96,97.51,98,259018,265505,256754,252836,250786,1964,2183,2491,2630,2422,201,224,261,275,254,687,905,1090,747,895,70,93,115,78,94,2732,2744,2813,2805,2805,94.7,116.7,121.9,118.2,117,35.29,43.43,44.19,42.15,41.71,3155,3397,3441,3211,3192,99.1,116.1,127,104.6,106.6,31.63,34.23,36.91,32.58,33.38,76424.75,1360301,1363950,1378251,1392766,1408987,1419561,29,1
ID,Idaho,4,8,0,0,516120,516978,510869,526613,519935,130652,176717,154829,138799,154936,5683.2,6621.1,6720.4,6990.4,6980.2,17.14,19.65,20.19,20.2,20.43,33561,31192,31038,33286,40040,8527,7846,5186,7965,7472,0,0,0,0,0,20.1,19.9,15.8,21.8,24.4,2.35,2.53,3.04,2.73,3.26,77786,79403,80905,82598,79272,1491.9,1498.2,1642,1832.6,1841.5,19.18,18.87,20.3,22.19,23.23,250946,247718,248082,270907,260704,2120,2164,2213,1881,2252,72,63,75,40,79,89309,130241,104109,80845,85611,9154,13405,10940,8473,9002,85075,83947,90339,106356,94319,571.8,589.7,543.6,620.5,608.5,7.4,7.5,6.43,6.19,6.74,5268,5715,5318,6604,4962,126.8,152.3,118.5,159.5,128.6,24.08,26.65,22.29,24.15,25.92,63364,1567582,1570639,1583780,1595590,1612843,1634464,53,0
IL,Illinois,2,3,0,1,3955091,3937616,3820547,3991089,4042313,2090939,2189423,2436702,2519993,2683815,45326.7,50877.8,47883.4,49122.2,51550,17.39,19.53,19.35,18.54,19.02,147792,133873,132247,135697,138402,1069037,1052224,969294,1026925,1017855,767419,864228,1094204,1149607,1293541,1978.6,2093,2134,2128.4,2154.5,1.85,1.99,2.2,2.07,2.12,493923,487526,489758,483838,482935,13111.8,12722.1,11958.3,11518.5,13026.9,26.82,26.38,24.7,24.35,27.6,3225698,3212010,3044403,3266060,3304158,1965,1905,2042,2042,2042,0,0,0,0,0,1157,1365,1058,1148,1258,119,140,111,120,132,974412,997722,950711,1073734,1116417,7741.3,7471.4,6159.4,7260.8,9087.5,8.34,7.87,6.84,7.2,8.62,71671,66874,65531,78680,67730,1521.1,1615.6,1362.5,1770.1,1697.4,21.7,24.45,21.01,22.59,25.66,742027.75,12830632,12840097,12858725,12873763,12890552,12880580,93,1
IN,Indiana,2,3,0,1,2863396,2847188,2770158,2894764,2931630,987568,1062319,1046014,1106441,1123098,27475.6,32483.4,32334.8,33414.8,34151.9,14.89,17.72,18.07,17.86,17.94,98571,105527,103946,108119,112781,1449371,1333442,1193465,1198611,1221492,790889,840986,826842,883260,886370,3786.7,4157.2,3883.1,3568.9,3513.9,2.61,3.12,3.25,2.98,2.88,361653,361051,358852,359923,364888,8035.5,8373.1,8611,9112,9583.6,22.55,23.55,24.4,25.65,26.63,2770123,2712351,2562415,2632450,2709827,4408,4499,4647,4647,4647,0,0,0,0,0,4426,3972,4125,3692,3530,454,409,434,387,371,580752,638237,657719,682842,727758,3583,4220.2,3874.9,4405.2,5266.2,6.51,6.99,6.2,6.69,7.49,25691,25085,20584,25008,22520,570.4,590,471.8,615.3,621.2,22.38,23.61,23.02,24.74,28.5,324289,6483802,6490308,6516560,6537632,6570713,6596855,88,0
IA,Iowa,2,4,0,0,1499729,1498973,1440053,1518870,1541900,673102,689146,677875,730473,757014,14967.3,17308.3,16583.3,17434.4,18021.8,15.68,18.18,18.11,17.92,18.24,239261,231401,216577,227495,241138,493794,463138,422595,402402,401151,0,0,0,0,0,746.8,750.2,703.5,736.5,722.7,1.51,1.62,1.66,1.83,1.8,155059,155774,155959,159358,161053,3479.7,3451.3,3524.3,3769,3847.3,22.44,22.16,22.6,23.65,23.89,1187456,1155743,1092732,1125533,1137920,1170,1359,1281,1281,1281,0,0,0,0,0,9250,8991,7291,7147,8356,948,925,766,749,879,312941,309672,299315,331358,342431,2150.7,2052.8,1697.7,2045.9,2578.6,7.13,6.87,5.87,6.4,7.83,66062,64049,62281,70963,68131,1390.7,1559.8,1277.6,1558.7,1705.3,21.05,24.35,20.51,21.97,25.03,170715,3046355,3050295,3064904,3075935,3092341,3107126,91,1
KS,Kansas,2,4,0,0,1117631,1104843,1075435,1105160,1132354,812830,781704,793080,830704,880650,11846.4,13565.2,13438.2,14104,14646.3,17.7,20.64,21.28,21.42,21.46,39348,41131,38492,40855,45862,359908,346521,307585,326817,316572,3069,840,388,541,1474,546.4,608.8,566,580.8,568.5,1.52,1.76,1.84,1.78,1.8,137915,139074,137481,135959,138396,3351.6,3597.9,3733.1,3790.1,4032.6,24.52,26.11,27.42,28.68,29.97,997849,970721,913457,963626,965093,906,1005,974,974,974,0,0,0,0,0,129,143,99,139,154,13,15,10,15,16,280413,285318,268086,288840,289697,1705.6,1631.6,1248.6,1569.1,1754.8,7.4,6.89,5.72,6.97,7.73,12277,11583,9589,11228,11283,248.4,276.4,213.9,267.3,310.8,20.32,23.94,22.37,24.04,27.54,146562,2853118,2858949,2869965,2885966,2895801,2904021,26,0
KY,Kentucky,3,6,0,0,1978527,1903208,1868483,1838898,1770741,2781466,2840858,2391118,2138426,2055121,19987.7,23231.2,22535.8,22805.3,22467,17.16,20.57,20.79,20.88,20.75,51017,51474,49735,55168,57195,1009823,1010623,909705,914774,913452,2556093,2623804,2193276,1940060,1869335,2382.9,2466.4,2249.3,2199.9,2177.9,2.36,2.44,2.47,2.4,2.38,319259,305505,303833,289214,268998,6223.8,6339,6377.6,6471.4,6378.5,19.81,21.1,21.37,22.58,23.96,1874296,1846216,1735259,1737960,1754132,2544,2700,2712,2712,2712,0,0,0,0,0,25173,28850,22475,31249,29895,2580,2969,2362,3275,3144,239062,229056,232702,236423,261233,1497.9,1421.7,1191.5,1418,1762.4,7.13,7.05,5.71,6.65,7.4,33939,32032,32072,48525,36157,754.8,810,685.1,1091.1,950.1,22.81,25.61,21.62,22.52,26.58,188518,4339367,4349838,4370038,4383465,4399583,4413457,84,0
LA,Louisiana,3,7,1,0,4385758,4388867,4255161,4196622,4279443,3170742,3972994,3789540,3208044,2852411,44999.5,53391.3,44310.8,44637.9,45399.7,15.06,17.96,15.46,15.67,15.49,112227,113514,113460,125789,144404,259750,269993,238811,228055,209973,54346,52440,53041,38079,35541,622.7,720.4,691.8,666.9,626.6,2.4,2.67,2.9,2.92,2.98,290292,294691,289101,292777,309224,6435.6,6425.6,5675.3,6349.7,6777.8,23.12,22.76,20.49,24.3,24.4,3974821,4015581,3886754,3785289,3810396,1708,1891,1842,1842,1842,0,0,0,0,0,10817,10144,6470,9966,10366,1109,1044,680,1045,1090,1483201,1536147,1586439,1499625,1563857,5515,5158.3,3929.7,4729.4,5792.4,5.02,4.59,3.27,4.19,4.9,489633,516784,565869,613368,617916,8201.9,10736.4,8111.2,8491.7,9278.9,16.76,20.79,14.35,13.86,15.03,245790.75,4533372,4545581,4575972,4604744,4629284,4649676,28,0
ME,Maine,1,1,1,0,415065,413893,399670,409785,410530,151940,154764,152331,155380,151257,6340.6,7425.8,7164,7512.4,7557.6,18.77,21.93,22.03,21.86,22.62,114477,113899,113103,116850,111979,2279,1542,1299,1657,2142,0,0,0,0,0,8.7,6.5,6.1,8.1,10.5,3.82,4.2,4.69,4.87,4.89,39346,38949,39446,40449,40953,1480.8,1435.8,1365.7,1405.7,1518.4,37.64,36.86,34.62,34.75,37.08,277354,268118,244896,253371,252829,70,68,72,72,72,0,0,0,0,0,37174,38660,35519,33970,34457,3810,3979,3733,3560,3623,80988,75061,70451,66014,62355,624,569.2,530.9,590.9,623.1,7.88,7.84,7.62,9.07,10.21,10859,10996,10825,13201,12801,294.4,332,327.6,382.6,410.8,27.12,30.19,30.27,28.98,32.09,55029,1328361,1327361,1327930,1328592,1328702,1330089,31,1
MD,Maryland,3,5,1,0,1464503,1410012,1368600,1395961,1400614,250812,272882,245197,248554,250058,21401.3,23062.5,22470.7,22856.9,22951.3,22.83,25.51,25.75,25.47,25.25,51683,49917,49822,54874,53814,266067,241190,192334,183191,201220,58798,65871,54088,45290,46194,894.1,881.3,681.1,620.7,595.2,3.36,3.65,3.54,3.39,2.96,222925,217002,210908,211201,210465,8301,7590.5,6973.7,7215.5,7464.6,37.24,34.98,33.07,34.16,35.47,963419,900614,857053,847590,878993,548,532,570,570,570,0,0,0,0,0,16267,24748,15764,16477,15364,1667,2547,1657,1727,1616,217744,199223,216678,207422,217440,2099.6,1935.3,1802.8,1912.9,2151.4,9.94,10.03,8.63,9.42,10.21,13030,12743,9977,11389,12185,386.6,425.4,331.8,375,432.2,29.67,33.38,33.26,32.92,35.47,350262.5,5773552,5788101,5843833,5891819,5938737,5976407,88,1
MA,Massachusetts,1,1,1,0,1416119,1397164,1363282,1428433,1437640,108868,103058,110384,102521,124671,24558,27485.1,26511.6,27681.7,27574.4,23.33,26.1,26.85,26.5,26.36,59866,59074,57348,60267,61735,83850,42963,24036,42208,29871,0,0,0,0,0,268.9,160,90.4,179.5,129.4,3.21,3.72,3.76,4.25,4.33,194905,189605,188729,188564,185849,8144.9,7842.4,7626.7,8019.9,8363.5,41.79,41.36,40.41,42.53,45,1107941,1073354,982397,1030817,1011008,764,962,859,859,859,0,0,0,0,0,9720,11161,8683,9460,8579,996,1149,912,992,902,447429,464018,430921,434893,433246,4170.3,4159.7,3407.9,4102.9,4599.2,9.4,9.06,7.98,9.5,10.78,9140,10672,9254,11098,11534,285.6,369.4,315.2,363.7,411.8,31.24,34.62,34.06,32.77,35.7,456273,6547629,6564073,6612270,6655829,6708874,6745408,99,1
MI,Michigan,2,3,0,1,2753536,2785212,2687926,2832425,2881550,626639,680857,626107,654767,682788,34591.5,39387.8,38965.2,40621.4,40740.1,18.47,20.84,21.46,20.48,20.01,129422,140472,140729,148084,150125,749285,691150,621633,658172,618479,0,0,0,0,0,1793.3,2074.4,1917.8,1901.6,1735.2,2.39,3,3.09,2.89,2.81,353651,358443,357640,351567,352508,10171.9,10846.5,11422.9,11520.6,11364.6,29.05,30.57,32.29,32.89,32.38,2305457,2253650,2186354,2304114,2329372,4898,5088,5193,5193,5193,0,0,0,0,0,12200,13188,11561,13539,15216,1251,1357,1215,1419,1600,758696,787337,804084,828483,878699,6595.8,6520.7,5628.3,6047.9,6993.8,9.24,8.76,7.38,7.59,8.26,41696,40051,35551,47132,46050,944.4,956.2,798.5,1145.7,1273.4,22.72,23.91,22.5,24.33,27.78,447221.25,9883640,9876498,9875736,9884781,9898193,9909877,69,1
MN,Minnesota,2,4,0,1,1857095,1850749,1816866,1858816,1912065,429062,425422,417674,405967,466967,20946.6,24297.6,24201.2,24881.5,25312.2,17.04,19.8,20.14,19.87,19.65,163181,155130,150916,148505,162992,315438,315604,257875,267695,313073,0,0,0,0,0,573,635.5,538.1,566.5,642.6,1.82,2.01,2.09,2.12,2.05,231333,233834,231977,234214,234470,5653,5876.3,5970.3,6379.2,6459.9,24.72,25.43,26.06,27.69,28.04,1337325,1329595,1281593,1328816,1385193,1035,1003,1075,1075,1075,0,0,0,0,0,8199,7250,5339,4877,5216,840,746,561,511,548,427198,424978,430286,474891,489901,2797.8,2791.7,2252.3,2838.2,3646.8,7,7.01,5.56,6.31,7.88,30431,29366,27850,36574,39558,636.4,703.8,611.4,853.1,1042.8,21.12,24.08,22.05,23.4,26.76,320381.25,5303925,5310418,5348036,5380615,5422060,5457173,187,1
MS,Mississippi,3,6,1,0,1177620,1155456,1143099,1138181,1155549,448713,441341,390246,410271,402842,13314.3,15188.7,15314.7,15793.9,15948.5,17.9,20.82,20.75,21.33,20.78,71310,71184,84165,70216,71994,148463,107546,82456,97767,116537,41586,28822,30537,37197,39072,476.8,416.7,367.5,387.1,383,3.21,3.88,4.46,3.96,3.29,169533,168340,165099,166444,168582,4147.1,4202.5,4040.3,4373.3,4668.6,25.46,26,25.5,26.9,28.35,999309,944952,989634,942046,982217,855,1074,958,958,958,0,0,0,0,0,0,0,0,0,0,0,0,0,0,0,444875,437873,499946,427323,440003,2222.8,2012.9,1640.5,1811.3,2129.2,5.73,5.16,3.82,4.86,5.47,11899,10531,8627,10027,10676,295,290.2,222.6,249.5,292.9,24.79,27.56,25.81,25.11,27.55,104937.5,2967297,2970811,2978464,2986137,2992206,2994079,41,0
MO,Missouri,2,4,0,0,1910500,1856590,1781978,1847506,1903839,198297,197714,203118,191759,199586,22961.9,26567.3,25904.3,26667.6,26719,18.84,22.48,22.85,22.57,21.94,69261,66131,62496,71490,74839,801625,825650,768297,806549,780707,9816,10075,9197,9101,8206,1290.4,1436.3,1448.7,1553,1578.1,1.61,1.74,1.89,1.93,2.02,293722,287478,281269,284585,286193,6698.6,7008.5,7029.5,7538.1,7644.4,22.81,24.38,24.99,26.49,26.71,1721620,1719891,1623633,1689057,1694147,339,329,352,352,352,0,0,0,0,0,15018,11515,6797,10843,6632,1539,1185,714,1136,697,282141,275308,258945,280845,301360,2664.3,2584.6,2210.5,2426.6,2631.9,9.64,9.64,8.71,8.82,8.92,28861,25961,22703,25820,27023,597.9,611.8,493.2,605.2,721.1,20.72,23.57,21.72,23.44,26.69,283280.25,5988927,5996085,6010544,6025281,6044917,6063589,79,0
MT,Montana,4,8,0,0,400855,402355,395724,405934,403446,1148154,1104165,1008736,1104932,1161804,4744,5702.1,5569.9,5621,5527.5,18.26,21.73,21.89,22.07,21.72,14644,7601,7601,8632,8888,203339,165687,157308,166104,175357,797035,746650,660148,753246,790673,289.1,247.4,255.2,307,322.1,1.42,1.49,1.62,1.85,1.84,46988,47045,47302,47922,48117,1067.2,1124.5,1132.6,1158.2,1163.6,23.08,24.26,24.32,25.74,25.76,447231,422616,405716,422138,423897,279,403,337,337,337,0,0,0,0,0,91849,122382,107373,91959,109201,9415,12596,11283,9638,11483,72888,79470,75234,81900,79260,496.1,549.1,455.2,472.7,527.7,8.3,8.12,7.36,7.43,8.29,9000,9531,8061,7786,8298,185.7,239.9,168.4,176.4,204.2,20.69,25.21,20.91,22.65,24.6,44672.25,989415,990575,997661,1005163,1014864,1023579,47,0
NE,Nebraska,2,4,0,0,860741,862675,852984,871815,864347,399822,390808,357156,370523,401699,8724.6,9995.9,10138.1,10323.1,10330.1,16.68,19.3,19.87,19.39,19.26,109887,116589,107042,107097,102397,254552,285384,272587,292956,276544,0,0,0,0,0,366.3,437.9,427.6,423.1,395.5,1.44,1.53,1.57,1.44,1.43,101846,101255,105185,104750,103118,2244.2,2338.2,2581.1,2682.6,2671.4,22.03,23.09,24.54,25.61,25.91,666348,690557,668116,705960,691958,1151,1195,1212,1212,1212,0,0,0,0,0,12818,15713,11962,10723,11010,1314,1617,1257,1124,1158,169620,173666,161774,178752,179544,1112.5,1073.9,837.2,994.8,1125,6.87,6.55,5.44,5.8,6.54,12111,10877,9757,12280,10349,236.1,259.5,211.5,287.7,280.1,19.5,23.86,21.67,23.43,27.06,110663.25,1826341,1829865,1842232,1855487,1868969,1881503,42,0
NV,Nevada,4,8,0,0,645604,632655,639190,659568,660256,51846,53807,60252,70208,71140,9246.5,9794.5,10113,10243.6,10513,21.22,23.45,23.8,22.88,23.52,9739,9375,9154,10021,10681,80228,62701,52850,64838,79230,0,0,0,0,0,195.7,163.1,139.8,180.9,202.6,2.44,2.6,2.65,2.79,2.56,115232,115723,120034,120141,119678,3234.5,2992.8,3098.5,3180,3411.2,28.66,26.43,26.38,26.47,28.5,577325,529486,548427,569355,568174,21631,22419,23886,27022,27499,2070,2146,2347,2670,2729,21047,21284,23223,25588,22719,2157,2191,2440,2682,2389,267808,255970,281432,281972,259438,1885.7,1583,1328.5,1492.7,1638.7,7.17,6.33,4.86,5.39,6.44,4409,4170,4125,4444,4059,120.9,133.6,115.3,134,122.4,28.24,32.43,28.39,30.15,30.14,134052.25,2700551,2703493,2718586,2755245,2791494,2839099,40,1
NH,New Hampshire,1,1,1,0,294473,292979,284490,304538,310142,156829,131919,129929,166328,161033,5226.7,6071.5,5950.6,6118.6,6360.8,24.21,27.69,28.61,27.88,27.86,33502,33745,35301,40393,43200,33827,24489,14191,16778,14867,0,0,0,0,0,128.5,87,57.8,70.6,63.5,3.8,3.55,4.07,4.21,4.27,37157,37084,37089,37680,37341,1615.8,1602.2,1542.8,1579.1,1665.7,43.48,43.2,41.6,41.91,44.61,242475,242846,224415,214922,225508,28,27,29,29,29,0,0,0,0,0,14415,15592,12270,13617,13137,1478,1605,1289,1427,1381,62612,72778,74336,55649,58841,503.5,579.2,547.6,566,542.7,8.07,7.98,7.37,10.18,9.24,12029,13375,15243,16495,19027,314.1,392.1,462.9,488.3,616.3,26.12,29.32,30.37,29.6,32.39,70345.25,1316470,1316517,1318109,1321297,1322616,1326813,62,1
NJ,New Jersey,1,2,1,0,2395713,2411816,2241207,2311685,2340188,376845,390931,393682,403225,388386,37144.8,42752.9,39242,39447.6,39116.9,21.28,24.18,24.43,23.75,22.78,64370,62752,61003,65208,67456,71961,49592,25589,25910,30731,0,0,0,0,0,299.3,207.3,103.7,100.3,121.3,4.16,4.18,4.05,3.87,3.95,270160,262246,256081,254680,252031,11589,10953.9,10239.7,10152.7,10190.7,43.07,41.95,40.12,40.21,40.98,1772767,1794240,1647100,1704155,1799165,448,435,466,466,466,0,0,0,0,0,177,237,102,174,164,18,24,11,18,17,671474,677923,670970,712948,798602,6224.4,5806.1,4823,5350.9,6046.6,9.39,8.7,7.3,7.85,7.86,8532,8544,6972,7711,7881,267.2,284.5,231.5,249.1,273.6,31.32,33.3,33.21,32.3,34.72,545374.25,8791894,8803580,8842614,8876000,8911502,8938175,56,1
NM,New Mexico,4,8,0,0,649962,668675,666540,670257,679136,2255073,2260681,2315892,2367423,2514744,7207.1,8724.8,8855.4,8959.8,9019.7,20.02,23.51,24,23.5,23.37,17663,17054,16179,17990,17189,267474,284737,263439,256377,215348,381448,405952,409050,400228,400158,550.3,584.8,575.5,592.9,812.4,2.06,2.05,2.18,2.31,3.77,76526,78618,79085,78698,78869,1833.5,1964.3,1997.5,2106.6,2205.2,24.88,25.92,26.21,27.25,28.45,737539,768020,745336,741402,711338,324,442,368,368,451,0,0,0,0,9,2117,1892,2120,876,936,217,195,223,92,98,246201,251838,249815,252867,256085,904.6,895.4,725.4,883,974.6,6.54,6.27,5.15,5.83,6.5,8501,7782,7683,8501,7187,206.1,211.2,199.8,216.4,198.1,24.24,27.14,26.01,25.46,27.56,94791.5,2059179,2064950,2078407,2084594,2086895,2085572,63,1
NY,New York,1,2,1,1,3723729,3611091,3503309,3626150,3742892,836703,879395,817908,872500,871720,61972,66310.1,65453.9,66230.7,68056.2,23.09,25.42,25.49,24.85,24.57,120168,124402,122513,129687,134792,167094,125181,72914,68707,64655,0,0,0,0,0,540.9,447.6,266.2,236.5,218.4,3.24,3.58,3.65,3.44,3.38,493456,491487,488471,504618,502833,23735.2,22888.7,21683.2,22835.6,23950.5,48.1,46.57,44.39,45.25,47.63,2733286,2620842,2593481,2629451,2747588,1070,1283,1185,1185,1185,0,0,0,0,0,248502,272019,234593,238270,248086,25472,27997,24652,24973,26087,1224485,1247757,1260950,1315282,1386580,11722.5,11178.5,9323.4,10666,11638.1,9.7,9.1,7.5,8.22,8.56,31093,28906,26543,29634,33225,885.6,920.9,847.8,936.4,1126.1,28.48,31.86,31.94,31.6,33.89,1385776.25,19378102,19400867,19521745,19607140,19695680,19746227,113,1
NC,North Carolina,3,5,1,0,2685333,2558792,2481060,2530649,2554776,576162,572796,560887,606427,595660,33119.5,36145.8,36240.3,37527.2,37283.2,20.27,23.22,23.79,23.39,23.02,134325,141002,142163,148324,145560,749091,624783,534713,493771,501592,0,0,0,0,0,2651.9,2283.1,2025.9,1881.8,1805,3.54,3.65,3.79,3.81,3.6,465448,447262,437026,442809,454249,11822.8,11332.3,11720.6,11991.2,12421.6,25.4,25.34,26.82,27.08,27.35,1869784,1704725,1654828,1734549,1761282,931,903,967,967,967,0,0,0,0,0,46405,37828,35475,65838,45230,4757,3893,3728,6901,4756,308710,311189,367948,445898,460876,2742.5,2547.1,2423.1,3076.6,3500,9.12,8.38,6.69,6.96,7.66,47840,41807,36513,33150,36489,1273.9,1170.5,943.7,868.5,1033.4,26.63,28,25.85,26.2,28.32,474355.25,9535483,9559488,9651502,9748181,9848917,9943964,102,0
ND,North Dakota,2,4,0,0,476072,528508,552326,594439,640095,1253749,1518406,2135154,2634178,3261360,4555.5,6480.9,7095.5,7748.7,8209.6,13.79,17.34,18.3,18.49,18.51,25305,27145,25455,26067,26745,409684,394771,406344,393193,399195,377669,367624,366826,369479,389673,721.7,767.4,873.9,852.1,866,1.76,1.94,2.15,2.17,2.17,44207,46871,50214,54704,62234,913.3,1021.1,1139.8,1298.9,1511,20.87,22.02,22.99,24.07,24.7,622237,652742,678850,701050,723128,906,1001,978,978,978,0,0,0,0,0,19923,25068,23573,17674,24073,2042,2580,2477,1852,2531,70046,77752,77469,88285,90629,269.4,296.1,241.4,279.8,363,6.04,5.8,5.16,5.08,6.47,9541,9405,9057,12682,10982,187,220.6,194.2,286.6,287.7,19.79,23.52,21.52,22.63,26.57,58230,672591,674345,685242,701705,723857,739482,33,0
OH,Ohio,2,3,0,1,3824933,3792585,3655849,3739974,3809648,1032440,1067943,1067944,1149882,1547368,45104.2,50635.8,49523.1,50067,51385.5,18.18,20.58,20.71,20.02,20.01,110645,115650,115615,126808,129920,1355137,1222606,1019140,1104486,1057377,644947,679187,642149,612270,541830,3392.6,3382.4,2940.6,2853,2567.7,2.5,2.77,2.89,2.58,2.43,525944,527994,520183,512848,514119,13976.9,13856.1,13788.3,13715,14538.3,26.89,26.56,26.84,27.08,28.62,3304252,3188336,2984206,3170468,3208044,3241,3372,3435,3435,3435,0,0,0,0,0,4186,3728,3941,5240,4546,429,384,414,549,478,810958,849076,869934,954374,1044986,6742.5,6576.7,5388.4,6029.9,7437.8,8.72,8.08,6.42,6.54,7.41,29374,29302,23914,26992,27457,699.8,757.8,609.6,738.4,843.4,23.96,25.95,25.57,27.53,31.78,588827.75,11536504,11540070,11544757,11550901,11572005,11594163,74,1
OK,Oklahoma,3,7,0,0,1579910,1585212,1561913,1620837,1679856,2576077,2704301,2950525,3137443,3572829,17066.4,19766.9,19780.9,19581.1,20496.9,17.16,19.91,20.34,19.87,19.97,39320,39133,41310,42616,42870,346047,378320,327089,335925,336080,17580,19094,22004,25054,20607,614.8,686.1,666.2,697.9,680,1.78,1.81,2.04,2.08,2.02,197370,204197,202470,204478,210088,4362.9,4636.6,4442,4629.3,4944.3,22.3,22.91,22.16,23.23,24.15,1571983,1576848,1567142,1537652,1543910,23,23,24,24,24,0,0,0,0,0,27403,14641,10901,20781,13585,2809,1507,1146,2178,1428,697351,676910,712411,682277,665799,3916.8,3500.1,3102.3,3146.3,3454.2,6.73,6.27,5.3,5.9,6.93,11435,10418,8764,10666,10596,244,244.3,192.2,253.3,285.6,21.41,23.51,21.99,23.75,26.95,190170.5,3751351,3759481,3786527,3817059,3853118,3878051,40,0
OR,Oregon,4,9,1,0,975067,1002476,975044,991867,987145,393763,513597,496254,458848,479935,12716.1,14924.3,14994.4,14882.5,14866.2,19.2,22.37,22.78,22.2,22.29,59498,57460,61814,71299,72449,42556,35135,28259,38900,34238,0,0,0,0,0,72.7,64.7,55.6,78.4,87.3,1.71,1.84,1.97,2.01,2.55,157041,160949,159302,162551,161507,3478.4,3792.9,3834.9,4018.9,4110,22.15,23.57,24.07,24.72,25.45,628380,572458,575060,608017,588438,1114,1286,1476,2803,2977,0,0,26,165,183,297970,411131,375027,315785,335341,30542,42315,39410,33098,35262,242914,203607,220578,244025,225576,1677,1477.5,1337.9,1495.3,1498.4,7.09,7.45,6.2,6.23,6.76,5956,6208,5689,6013,6029,142.8,170.6,138.2,150.5,159.4,23.98,27.48,24.3,25.04,26.44,203328,3831074,3837083,3867644,3898684,3928068,3970239,148,1
PA,Pennsylvania,1,2,0,1,3752280,3725014,3623997,3826959,3902434,3064745,3870671,4730336,5873742,7087392,49095.9,55448.9,54238.3,54519.6,55665.8,19.74,22.8,22.97,21.67,21.44,132240,143718,141507,154219,148961,1310670,1212984,1093178,1126118,1039161,1485775,1511491,1390644,1379262,1566449,3607.2,3685.4,3282.6,3358.7,3006.4,2.75,3.04,3,2.98,2.89,508265,507560,493750,499018,500498,15222.4,15382.9,14218.8,14242.2,14984.4,30.29,30.73,29.12,28.82,30.2,3469617,3412240,3324396,3472175,3486721,2018,2180,2162,2162,2162,0,0,0,0,0,22753,31258,21334,24088,25117,2332,3217,2242,2525,2641,909263,1000509,1079497,1176660,1257090,7209.8,7437.4,6576.7,7570.5,8819.3,8.73,8.51,7.09,7.63,8.19,55261,57268,48347,48235,48546,1554.5,1744.2,1456.2,1422.2,1516,28.19,30.46,30.12,29.49,31.23,672413.25,12702379,12711077,12743995,12770043,12781296,12787209,68,1
RI,Rhode Island,1,1,1,0,195314,185731,183879,199165,204459,3399,3419,2822,2627,4304,3689.9,3907.3,3844,4008,4203.7,23.63,26.16,26.59,26.21,26.34,6691,6265,5609,5458,7068,0,0,0,0,0,0,0,0,0,0,0,0,0,0,0,0,0,0,0,0,26611,26383,26301,26549,26078,1097.7,1008.3,982.1,1067.3,1178,41.25,38.22,37.34,40.2,45.17,184732,185371,178036,171472,178774,20,127,57,57,57,0,0,0,0,0,36,72,41,42,38,4,7,4,4,4,95710,102465,98435,88274,91259,840.2,813.1,670.3,755.2,854.7,8.92,8.02,6.88,8.67,9.67,1342,1469,1455,1711,1970,41.6,53.3,52.5,58.7,75.7,31.03,36.27,36.1,34.31,38.4,55098.25,1052567,1053078,1052020,1052637,1053354,1055173,14,1
SC,South Carolina,3,5,1,0,1643912,1601881,1558766,1590456,1632085,649978,661898,646738,690644,675110,18661.9,21119.1,20946,21735.9,21875.7,18.52,21.36,21.83,21.99,21.74,101716,111632,117091,113934,122321,404966,366160,298572,257319,305656,0,0,0,0,0,1500.1,1410.6,1189.5,968.4,1115.3,3.7,3.85,3.98,3.76,3.65,281419,274627,265389,268190,278487,7003.9,7081.3,7079.7,7264.7,7889.8,24.89,25.78,26.68,27.09,28.33,1124533,1077992,1012652,975757,1021676,624,605,648,648,648,0,0,0,0,0,23185,15100,13515,30152,24432,2376,1554,1420,3160,2569,225961,235465,250482,236710,235860,1547.6,1432.6,1268.9,1458.2,1596,6.96,6.18,5.14,6.23,6.84,11209,9625,8411,8755,9741,306.3,274.1,214.3,227.7,274.8,27.32,28.47,25.48,26.01,28.21,189655.5,4625364,4636290,4673054,4722621,4771929,4832482,46,0
SD,South Dakota,2,4,0,0,378514,378470,375950,389619,391857,225387,248370,248616,236679,249789,3877.3,4596.4,4786.1,4771.3,4819.4,17.21,20.43,21.05,20.33,20.32,63943,62472,58812,61515,62730,39061,32112,35574,34246,33062,0,0,0,0,0,77.8,69,80,71.2,71.7,1.99,2.15,2.25,2.08,2.17,38747,39851,40037,41660,42154,888.3,939.8,996.3,1081.4,1118.2,22.93,23.58,24.88,25.96,26.53,226232,218924,225164,231578,230463,1716,1962,1868,1868,1868,0,0,0,0,0,51110,64205,56915,38761,52288,5239,6608,5981,4063,5498,72926,73973,71501,83871,83464,441.1,451,376.1,462,549.3,6.63,6.77,5.87,6.09,7.11,7707,6744,6231,7501,6694,148.8,157.6,136,175,176.1,19.31,23.37,21.83,23.32,26.3,45600,814180,816192,824171,834504,845510,853175,47,0
TN,Tennessee,3,6,0,0,2247273,2195401,2080953,2132508,2194512,505731,506701,468757,544916,499501,25580.6,29861.2,28787.6,29033,29614.6,18.67,22.15,22.37,21.73,21.47,91516,91048,96477,98518,101449,515464,481127,423086,399768,427509,45030,38576,28372,28376,21711,1419.1,1425.4,1204.3,1052,1127.7,2.75,2.96,2.85,2.63,2.64,353215,343702,328854,330773,341948,8851.1,9277.6,8860.3,8817.5,9379,25.3,27.26,27.23,26.81,27.59,1461432,1427048,1355061,1344036,1411675,205,199,213,213,213,0,0,0,0,0,79392,93037,78942,118721,84645,8138,9576,8296,12443,8901,263365,267929,281007,285308,311966,1997,1886.9,1578.8,1850,2232.9,8.13,7.61,6.01,6.82,7.48,14037,11999,9047,9879,10383,362.6,328.9,235.1,279.2,347.7,25.9,27.45,26.06,28.43,33.49,300015.25,6346105,6356628,6398389,6455177,6497269,6549352,51,0
TX,Texas,3,7,1,0,11687521,11906249,11931169,12660976,12899498,11412134,12571450,14180982,15688922,17597105,135014.3,163261.8,152010.2,158213.9,162555.8,17.36,20.55,19.1,19.08,19.05,179840,205461,200181,197910,214603,1568060,1695239,1498818,1597357,1585961,538258,605290,578697,564850,576803,2936.9,3212.5,2865.1,3189.5,3213.9,1.87,1.9,1.91,2,2.03,1223057,1283134,1245735,1292524,1329553,32698.3,33064.8,30604.4,32034.7,33991.3,27.69,26.64,25.33,25.67,26.49,10741110,10979933,11054960,11616497,11752655,2316,2488,2478,2478,2478,0,0,0,0,0,12310,5471,5562,4580,3670,1262,563,584,480,386,3689583,3800578,3964121,4143328,4219128,15761.4,14900.1,11266.1,14021.6,16884,5.18,4.73,3.52,4.46,5.22,1425319,1452532,1555977,1650880,1598099,24548.5,30956.3,23014.5,23641.4,24824.5,17.23,21.32,14.8,14.33,15.54,1601976.75,25145561,25245717,25657477,26094422,26505637,26956958,156,0
UT,Utah,4,8,0,0,756012,794058,790154,831668,797995,1073063,1128821,1118599,1122868,1170681,8387.3,10486,10604.7,11068.3,10755.3,16.89,20.04,20.96,20.52,20.71,7712,9209,9560,10581,10562,356148,346181,322055,355230,344054,445692,453869,387129,385736,410997,608.3,622.7,629.5,727.6,726.3,1.71,1.8,1.95,2.05,2.11,95686,98467,101416,103977,102507,1925.4,2032.3,2303.4,2462,2487,20.45,20.98,23.1,23.97,24.57,847682,858627,829676,897843,875384,3449,4027,3993,3851,5769,277,330,335,319,522,6785,11952,7116,4818,6018,696,1230,748,505,633,229078,230672,232630,258909,252691,1184.8,1216.2,1063.6,1264.7,1348.3,6.25,6.5,5.86,6.29,6.81,4050,4911,4285,5084,4575,91.9,124.4,98.9,121,117,23.18,25.41,23.45,23.81,25.58,140565,2763885,2774346,2815324,2855194,2902787,2942902,42,0
VT,Vermont,1,1,0,0,153697,150475,130412,137527,139897,80143,80677,77979,84188,85874,2783.6,3223.2,3227.9,3325.3,3274.9,23.75,27.86,29.2,28.29,27.6,19041,17194,16070,20794,20279,0,0,0,0,0,0,0,0,0,0,0,0,0,0,0,0,0,0,0,0,19090,18937,18803,19065,19004,740.8,765.9,783.6,816.6,811.5,38.81,40.44,41.68,42.83,42.7,90299,88836,84141,89119,90377,28,27,29,29,29,0,0,0,0,0,13140,13843,10555,12269,11177,1347,1425,1109,1286,1175,8502,8679,8290,9746,10848,97.3,98.9,91.8,101.6,112.8,11.47,11.46,11.23,10.52,10.52,9018,8271,9153,10391,10103,247.9,246.6,279.9,310,327.3,27.49,29.81,30.58,29.84,32.39,29661.75,625741,625792,626450,626138,626855,626562,49,1
VA,Virginia,3,5,1,0,2483360,2380922,2343908,2414477,2430205,1096973,1085234,1045095,1023009,979780,29847.2,33423.7,34366.7,34350.5,33979.6,19.12,22.25,22.69,22.04,21.66,119506,116144,118265,132138,150362,346161,288348,222270,290508,278183,564326,562805,493398,456766,393225,1222.3,1128.1,899,1051.9,961.6,3.53,3.91,4.04,3.62,3.46,388307,376099,367796,377066,382480,9893.7,9747.7,9779.5,9896.8,10284.3,25.48,25.92,26.59,26.25,26.89,1535604,1431388,1432460,1512226,1500290,1569,1764,1701,1701,1701,0,0,0,0,0,14636,11760,9933,11961,9084,1500,1210,1044,1254,955,385931,383527,424050,435247,437322,2996.1,2774.2,2426.8,2798.4,3280,8.11,7.67,5.98,6.7,7.77,21572,20844,18335,22539,21423,594.3,553.7,433.4,529.4,541.8,27.55,26.56,23.64,23.49,25.29,462243,8001024,8025376,8110188,8193422,8270345,8326289,59,1
WA,Washington,4,9,1,0,2031428,2059630,2037127,2036309,2011941,907957,1101186,1108998,1003330,1027404,22762.2,27091.6,27632.5,26597.1,25804.2,18.33,21.54,21.79,21.51,21.11,115340,114621,112884,119013,121119,94934,56951,42656,74955,76547,0,0,0,0,0,220.2,133.1,89.1,154.9,200.3,2.32,2.34,2.09,2.07,2.62,308376,319789,315052,316916,314384,5959.3,6294.2,6349.4,6521.4,6494.1,19.63,20.01,20.49,20.94,21.04,1115899,1042446,1049562,1113069,1092335,1013,1262,1136,1136,1136,0,0,0,0,0,666221,892101,851343,745678,755695,68288,91818,89464,78155,79463,294871,272261,271947,327840,319784,2484.4,2484.3,2260.5,2267.9,2157.9,8.97,9.77,9,8.02,7.83,15836,16604,16186,16138,14874,388.9,472.2,410.8,411.9,393.4,25.2,28.83,25.83,26.04,27.24,422766.5,6724540,6741911,6822112,6896325,6973742,7061530,134,1
WV,West Virginia,3,5,0,0,738821,726341,720985,743612,752942,3699729,3820203,3720223,3809750,4154063,7925.9,9023.6,8945.3,8940.3,8756.3,17.26,20.23,21.13,20.48,19.97,25598,25409,24257,30008,30091,848129,822645,756716,771188,816460,3346117,3321102,3059090,2874653,2858022,2256.3,2227.1,2062.2,2021.9,2030.8,2.66,2.71,2.73,2.62,2.49,109293,106587,105148,107136,111559,2360.2,2430.5,2482,2483.3,2499.5,21.89,23.16,23.91,23.2,22.44,1165405,1138906,1083056,1113141,1163308,31,30,32,32,32,0,0,0,0,0,13340,14118,13622,16590,11811,1367,1453,1431,1739,1242,121780,124935,140133,153875,161661,700.3,624.5,542.5,595.8,678.4,8.42,7.87,7.2,6.95,7.38,4636,4323,4030,5866,4009,126.5,121.2,123.3,181.3,134.7,27.3,28.04,30.6,30.91,33.6,74432.75,1852994,1854176,1854982,1856313,1853595,1850326,14,0
WI,Wisconsin,2,3,0,1,1791199,1778018,1721543,1813458,1868867,329441,312552,333635,310413,298603,21593.9,24577.7,24139.9,24929.5,26448.1,18.48,20.97,21.41,20.43,20.74,137892,136188,133110,134199,136809,458442,447370,373281,454554,417096,0,0,0,0,0,1026.9,1169.2,937.8,1108.9,1018.7,2.24,2.61,2.51,2.44,2.44,234583,234103,234814,235851,237116,6669.2,6943.9,7015.7,7256,7335.7,28.76,30.01,30.25,30.82,30.99,1361165,1359984,1283286,1418732,1437711,592,574,615,615,615,0,0,0,0,0,20603,20859,14486,18880,23507,2112,2147,1522,1979,2472,376627,399247,410305,453608,477923,3061.9,3028,2563,3011.4,3981.2,8.4,7.82,6.42,6.7,8.42,32179,32051,27669,36388,36344,647.4,734.9,573.3,814.5,928,20.22,22.99,20.77,22.39,25.58,293341.25,5686986,5689268,5708785,5724888,5742953,5757564,112,1
WY,Wyoming,4,8,0,0,540122,556548,550182,539146,535612,10536570,10353148,9611304,9233869,9361755,4524.9,5498.9,5728.4,5532.1,5841.2,15.16,18.01,18.52,18.41,18.7,3330,3974,4165,4694,4566,484239,467671,490128,520699,489300,7658286,7591675,6973727,6760447,6880205,636.2,710.2,724.1,813,797.9,1.31,1.52,1.48,1.56,1.63,58391,59429,57906,58187,58461,1035,1118,1189.9,1254.7,1294.7,18.27,19.39,21.19,22.24,22.87,805265,797726,821266,839683,803967,598,670,663,663,663,0,0,0,0,0,9989,11890,8502,6782,8261,1024,1224,893,711,869,154759,161776,158546,155960,141763,371.8,413.7,380.6,377.5,456.1,5.92,6.35,5.61,5.58,6.66,5226,5481,4817,5113,5442,115,139.7,103.3,118.6,135,22.17,25.55,21.52,23.2,24.8,40875.5,563626,564358,567631,576893,583223,584153,38,0
DC,District of Columbia,3,5,0,0,190529,183806,172963,175560,178929,95,271,277,323,360,2497.5,2453,2218.2,2229.1,2320.3,25.76,26.66,25.5,24.63,24.96,1027,1028,819,855,920,71,48,77,4,48,0,0,0,0,0,0.2,0.2,0.2,0,0.1,2.63,3.26,3.08,3.15,3,40524,39450,38415,37824,38193,1586,1480.5,1334.7,1314,1355.9,39.14,37.53,34.74,34.74,35.5,58155,55887,49025,53357,55217,6,59,22,22,22,0,0,0,0,0,0,0,0,0,0,0,0,0,0,0,33717,33389,29389,34315,35316,415.8,377.2,316.3,375.1,411.3,12.41,11.91,11.18,11.43,12.11,21,18,27,25,24,0.6,0.5,0.7,0.7,0.8,28.26,29.64,27.11,28.24,32.28,116539.25,601723,605210,620427,635040,649111,658893,28,1